<?xml version="1.0" encoding="UTF-8" standalone="yes"?>
<addon id="repository.scp" name="SCP Repo" version="1.0.0" provider-name="peca2345">
    <extension point="xbmc.addon.repository" name="SCP Repository">
        <dir>
            <info compressed="false">https://raw.githubusercontent.com/peca2345/Kodi_webshare_git_sync/kodi-master/repo/zips/addons.xml</info>
            <checksum>https://raw.githubusercontent.com/peca2345/Kodi_webshare_git_sync/kodi-master/repo/zips/addons.xml.md5</checksum>
            <datadir zip="true">https://raw.githubusercontent.com/peca2345/Kodi_webshare_git_sync/kodi-master/repo/zips/</datadir>
        </dir>
    </extension>
    <extension point="xbmc.addon.metadata">
        <summary>SCP Repo</summary>
        <description>Repozitar pro plugin.video.scp a dalsi addony.</description>
        <disclaimer>Repozitar pro sdileni vlastnich doplnku pro Kodi.</disclaimer>
        <platform>all</platform>
        <assets>
            <icon>icon.png</icon>
            <fanart>fanart.jpg</fanart>
        </assets>
    </extension>
</addon>